Label,# Samples,Average,Min,Max,Std. Dev.,Error %,Throughput,Received KB/sec,Sent KB/sec,Avg. Bytes
Thread Group:Auth,100,454,420,629,40.29,0.000%,1.62340,0.89,0.53,563.0
Thread Group:1. 과목 정보,500,98,63,351,31.47,0.000%,1.77118,1.93,0.87,1116.0
Thread Group:2. 시험 입장,500,116,71,239,31.36,0.000%,1.76476,0.66,1.28,384.0
Thread Group:3. 시험 시작,500,121,82,284,31.94,0.000%,1.75027,0.82,1.27,478.1
Thread Group:4. 시험 제출,500,128,42,723,49.78,0.000%,1.75573,0.66,1.27,385.3
Thread Group:5. 재응시,500,110,70,736,44.46,0.000%,1.76641,0.66,1.29,384.0
TOTAL,2600,128,42,736,76.47,0.000%,7.85463,4.22,5.24,550.0
