Label,# Samples,Average,Min,Max,Std. Dev.,Error %,Throughput,Received KB/sec,Sent KB/sec,Avg. Bytes
Thread Group:Auth,70,442,421,521,19.12,0.000%,1.13576,0.62,0.37,563.0
Thread Group:1. 과목 정보,350,98,63,261,30.48,0.000%,1.19939,1.31,0.59,1116.0
Thread Group:2. 시험 입장,350,116,77,616,40.89,0.000%,1.17114,0.44,0.85,384.0
Thread Group:3. 시험 시작,350,122,84,305,31.61,0.000%,1.17467,0.55,0.85,478.0
Thread Group:4. 시험 제출,350,129,84,394,42.00,0.000%,1.16776,0.44,0.85,384.0
Thread Group:5. 재응시,350,107,70,230,30.08,0.000%,1.15606,0.43,0.84,384.0
TOTAL,1820,127,63,616,72.71,0.000%,5.23002,2.81,3.49,549.7
