Label,# Samples,Average,Min,Max,Std. Dev.,Error %,Throughput,Received KB/sec,Sent KB/sec,Avg. Bytes
Auth - Login,44,460,432,524,20.87,0.00%,0.00591,0,0,238
API 1 - 과목 정보,152,121,81,231,29.99,0.00%,0.01984,0.02,0.01,790
API 2 - 시험 입장,152,103,78,200,17.77,0.00%,0.01984,0,0.01,59
API 3 - 시험 시작,152,105,52,200,17.81,0.00%,0.01984,0,0.01,153.1
API 4 - 시험 제출,152,133,79,340,44.53,0.00%,0.01983,0,0.01,59
API 5 - 재응시,95,70,187,17.7,0.00%,0.01982,0,0.01,59,
TOTAL,804,130,52,524,84.97,0.00%,0.10221,0.02,0.07,224.8
