Label,# Samples,Average,Min,Max,Std. Dev.,Error %,Throughput,Received KB/sec,Sent KB/sec,Avg. Bytes
Auth - Login,178,460,432,584,29.41,0.00%,0.02054,0,0.01,238
API 1 - 과목 정보,404,120,81,266,30.55,0.00%,0.04668,0.04,0.02,790
API 2 - 시험 입장,404,104,71,219,22.27,0.00%,0.04666,0,0.03,59
API 3 - 시험 시작,404,106,52,224,20.37,0.00%,0.04665,0.01,0.03,153
API 4 - 시험 제출,404,129,74,365,46.54,0.00%,0.04663,0,0.03,59
API 5 - 재응시,96,65,333,23.6,0.00%,0.0466,0,0.03,59,
TOTAL,2198,139,52,584,100.61,0.00%,0.24789,0.05,0.16,225.1
