Label,# Samples,Average,Min,Max,Std. Dev.,Error %,Throughput,Received KB/sec,Sent KB/sec,Avg. Bytes
Auth - Login,108,460,432,579,27.02,0.00%,0.01318,0,0,238
API 1 - 과목 정보,304,119,81,257,29.41,0.00%,0.03698,0.03,0.02,790
API 2 - 시험 입장,304,101,74,200,19.65,0.00%,0.03697,0,0.03,59
API 3 - 시험 시작,304,106,52,224,20.24,0.00%,0.03697,0.01,0.03,153
API 4 - 시험 제출,304,129,74,340,43.73,0.00%,0.03696,0,0.03,59
API 5 - 재응시,95,65,208,19.53,0.00%,0.03695,0,0.03,59,
TOTAL,1628,133,52,579,92.33,0.00%,0.19324,0.04,0.13,224.9
