Label,# Samples,Average,Min,Max,Std. Dev.,Error %,Throughput,Received KB/sec,Sent KB/sec,Avg. Bytes
Auth - Login,58,461,432,524,20.67,0.00%,0.00779,0,0,238
API 1 - 과목 정보,204,120,81,231,29.17,0.00%,0.02663,0.02,0.01,790
API 2 - 시험 입장,204,103,78,200,17.97,0.00%,0.02662,0,0.02,59
API 3 - 시험 시작,204,107,52,200,18.35,0.00%,0.02663,0,0.02,153
API 4 - 시험 제출,204,134,79,340,44.02,0.00%,0.02662,0,0.02,59
API 5 - 재응시,96,70,187,18.81,0.00%,0.0266,0,0.02,59,
TOTAL,1078,131,52,524,84.27,0.00%,0.13704,0.03,0.09,224.8
