Label,# Samples,Average,Min,Max,Std. Dev.,Error %,Throughput,Received KB/sec,Sent KB/sec,Avg. Bytes
Auth - Login,278,459,425,624,29.98,0.00%,0.03052,0.01,0.01,238
API 1 - 과목 정보,504,119,81,266,29.63,0.00%,0.05586,0.04,0.03,790
API 2 - 시험 입장,504,105,71,296,23.89,0.00%,0.05585,0,0.04,59
API 3 - 시험 시작,504,104,52,318,22.43,0.00%,0.05585,0.01,0.04,153
API 4 - 시험 제출,504,127,74,365,46.38,0.00%,0.05583,0,0.04,59
API 5 - 재응시,97,65,333,22.32,0.00%,0.05579,0,0.04,59,
TOTAL,2798,145,52,624,109.08,0.00%,0.30309,0.07,0.2,225.4
